Experiment,Quinton Monolithic Time,Quinton Monolithic Objective,Quinton Monolithic Status,Our Monolithic Time,Our Monolithic Objective,Our Monolithic Status,Quinton Bounded Monolithic Time,Quinton Bounded Monolithic Objective,Quinton Bounded Monolithic Status,Quinton Benders Time,Quinton Benders Iterations,Quinton Benders Objective,Quinton Benders Status,Our Benders Time,Our Benders Iterations,Our Benders Objective,Our Benders Status,Quinton Bounded Benders Time,Quinton Bounded Benders Iterations,Quinton Bounded Benders Objective,Quinton Bounded Benders Status
graph__10-1000-0.10-02_0,0.17199999978765845,6494.0,"integer optimal, tolerance",0.1880000000819564,6494.0,integer optimal solution,0.17100000008940697,6494.0,"integer optimal, tolerance",17.31557846069336,81,6494.000000000002,optimal solution,17.3924458026886,54,6493.999999999997,optimal solution,7.012789249420166,55,6494.000000000002,optimal solution
graph__10-1000-0.10-02_1,3608.1720000002533,4316.999999999999,time limit exceeded,7.125,4316.999999999998,integer optimal solution,0.7809999999590218,4317.0,"integer optimal, tolerance",3600.4836897850037,2,7312.999999999998,time limit exceeded,596.4673399925232,1421,4317.0,optimal solution,1380.256784915924,762,4316.999999999993,optimal solution
graph__10-1000-0.10-02_10,3614.0,4870.999999999994,time limit exceeded,12.359999999869615,4871.0,integer optimal solution,2.5779999997466803,4870.999999999997,"integer optimal, tolerance",61.29236960411072,399,5082.0,optimal solution,692.1729805469513,1947,4871.000000000001,optimal solution,2478.3208367824554,1244,4871.0,optimal solution
graph__10-1000-0.10-02_11,0.14099999982863665,6294.000000000002,integer optimal solution,0.125,6294.0,integer optimal solution,0.125,6294.000000000004,integer optimal solution,7.49244499206543,30,6293.999999999999,optimal solution,2.368112087249756,8,6294.000000000007,optimal solution,0.21943163871765137,2,6293.999999999999,optimal solution
graph__10-1000-0.10-02_12,0.26500000013038516,6462.999999999998,"integer optimal, tolerance",0.10900000017136335,6463.0,integer optimal solution,0.20299999974668026,6462.999999999998,"integer optimal, tolerance",19.574917554855347,61,6463.0,optimal solution,17.01688289642334,46,6462.999999999996,optimal solution,22.394582986831665,99,6463.0,optimal solution
graph__10-1000-0.10-02_13,0.5469999997876585,5268.000000000001,"integer optimal, tolerance",0.9849999998696148,5268.0,integer optimal solution,0.1880000000819564,5267.999999999998,"integer optimal, tolerance",1126.2713224887848,709,5268.0,optimal solution,137.53161883354187,266,5267.999999999997,optimal solution,241.84197998046875,591,5268.0,optimal solution
graph__10-1000-0.10-02_14,0.13999999966472387,5518.000000000004,integer optimal solution,0.17199999978765845,5518.0,integer optimal solution,0.17200000025331974,5518.000000000079,integer optimal solution,0.43413400650024414,2,8378.0,aux sub problem infeasible,22.635268926620483,81,5517.999999999997,optimal solution,2.2761635780334473,19,5518.000000000002,optimal solution
graph__10-1000-0.10-02_15,3610.563000000082,4770.999999999999,time limit exceeded,4.811999999918044,4771.0,integer optimal solution,1.25,4770.999999999999,"integer optimal, tolerance",3600.994064807892,3,7028.0,time limit exceeded,388.9990973472595,1420,4771.0,optimal solution,1305.9788868427277,460,4771.0,optimal solution
graph__10-1000-0.10-02_16,0.6720000002533197,5216.999999999999,"integer optimal, tolerance",1.0469999997876585,5217.0,integer optimal solution,0.29700000025331974,5217.000000000001,"integer optimal, tolerance",3600.023360967636,886,5216.999999999999,time limit exceeded,132.35726356506348,536,5217.0,optimal solution,132.849782705307,500,5216.999999999999,optimal solution
graph__10-1000-0.10-02_17,3602.9839999997057,4814.999999999998,time limit exceeded,1.2659999998286366,4815.0,integer optimal solution,0.23499999986961484,4815.000000000001,"integer optimal, tolerance",1.2178568840026855,27,6552.0,aux sub problem optimal with unscaled infeasibilities,82.28871178627014,301,4815.0,optimal solution,169.67369771003723,313,4815.000000000001,optimal solution
graph__10-1000-0.10-02_18,2.5630000000819564,4571.664708350816,integer optimal solution,0.6559999999590218,4574.0,integer optimal solution,0.23400000017136335,4574.0,integer optimal solution,3599.949602365494,139,5121.999999999999,optimal solution,135.16489386558533,500,4574.0,optimal solution,150.4999611377716,332,4574.0,optimal solution
graph__10-1000-0.10-02_19,0.1559999999590218,5060.0,integer optimal solution,0.14000000013038516,5060.0,integer optimal solution,0.21799999987706542,5060.0,integer optimal solution,8.73923397064209,31,5060.0,optimal solution,0.49172353744506836,1,5060.0,optimal solution,5.852078199386597,36,5060.0,optimal solution
graph__10-1000-0.10-02_2,0.20299999974668026,5233.000000000003,integer optimal solution,0.20299999974668026,5233.0,integer optimal solution,0.2190000000409782,5232.999999999999,integer optimal solution,3602.5990974903107,71,5784.0,time limit exceeded,27.38513946533203,93,5232.999999999999,optimal solution,18.635975122451782,120,5232.999999999999,optimal solution
graph__10-1000-0.10-02_3,0.2809999999590218,5729.000000000001,"integer optimal, tolerance",0.26500000013038516,5728.99999999999,integer optimal solution,0.32800000021234155,5729.000000000001,"integer optimal, tolerance",79.69939374923706,289,5729.0,optimal solution,8.50790786743164,36,5729.0,optimal solution,25.589202880859375,138,5729.0,optimal solution
graph__10-1000-0.10-02_4,0.125,7140.999999999999,integer optimal solution,0.125,7140.999999999991,integer optimal solution,0.06199999991804361,7140.999999999999,integer optimal solution,0.5781698226928711,6,7163.0,optimal solution,0.6290178298950195,1,7140.999999999996,optimal solution,0.3069319725036621,4,7141.000000000001,optimal solution
graph__10-1000-0.10-02_5,0.20299999974668026,8096.999999999998,"integer optimal, tolerance",0.125,8097.0,integer optimal solution,0.8280000002123415,8097.0,"integer optimal, tolerance",0.3260478973388672,3,8096.999999999996,optimal solution,3.69759202003479,15,8097.0,optimal solution,0.9127016067504883,6,8096.999999999996,optimal solution
graph__10-1000-0.10-02_6,3645.0,4485.982728974002,time limit exceeded,6.859999999869615,4485.999999999998,integer optimal solution,2.530999999959022,4485.999999999987,"integer optimal, tolerance",3601.6018505096436,159,5036.0,time limit exceeded,96.53325390815735,389,4486.0,optimal solution,298.3135817050934,394,4485.999999999996,optimal solution
graph__10-1000-0.10-02_7,0.2649999996647239,4348.000000000001,"integer optimal, tolerance",0.1880000000819564,4348.0,integer optimal solution,0.17199999978765845,4348.000000000001,integer optimal solution,11.514564752578735,43,4348.0,optimal solution,32.149611473083496,121,4348.0,optimal solution,29.891592025756836,133,4348.0,optimal solution
graph__10-1000-0.10-02_8,3611.155999999959,4269.473399330915,time limit exceeded,47.04600000008941,4270.0,integer optimal solution,2.3590000001713634,4269.999999999997,"integer optimal, tolerance",0.28052783012390137,1,8019.000000000001,dual sub problem optimal with unscaled infeasibilities,2894.1100783348083,3760,4270.0,optimal solution,3600.0304379463196,727,4269.999999999999,time limit exceeded
graph__10-1000-0.10-02_9,14.264999999664724,4287.0,"integer optimal, tolerance",9.25,4287.0,integer optimal solution,2.094000000040978,4287.000000000005,"integer optimal, tolerance",3600.0462634563446,284,4879.0,time limit exceeded,2814.02609705925,4642,4287.0,optimal solution,3600.750858783722,1253,4286.999999999998,time limit exceeded
graph__10-1000-0.10-03_0,0.2809999999590218,4465.000000000001,integer optimal solution,0.26500000013038516,4465.0,integer optimal solution,0.25,4465.0,integer optimal solution,782.5198814868927,579,4465.0,optimal solution,28.605894804000854,71,4465.000000000003,optimal solution,64.25805950164795,240,4465.0,optimal solution
graph__10-1000-0.10-03_1,0.25,3923.0000000000005,integer optimal solution,0.17199999978765845,3923.0,integer optimal solution,0.1869999999180436,3923.0000000000005,integer optimal solution,258.77964782714844,1280,4046.0000000000005,optimal solution,5.659256458282471,13,3923.000000000004,optimal solution,1.4039390087127686,10,3922.999999999999,optimal solution
graph__10-1000-0.10-03_10,3603.719000000041,3085.4584974382497,time limit exceeded,4.25,3073.0,integer optimal solution,3.671000000089407,3072.9969935751856,"integer optimal, tolerance",0.9537513256072998,2,4339.0,dual sub problem optimal with unscaled infeasibilities,913.2143168449402,1124,3073.0,optimal solution,1242.8217651844025,942,3072.9999999999995,optimal solution
graph__10-1000-0.10-03_11,3.625,2717.957816377171,"integer optimal, tolerance",2.344000000040978,2719.0,integer optimal solution,0.4690000000409782,2717.957816377171,"integer optimal, tolerance",3600.941927433014,664,3221.0,time limit exceeded,597.7990715503693,770,2718.9999999999986,optimal solution,1713.906935453415,1009,2719.0,optimal solution
graph__10-1000-0.10-03_12,0.25,4646.0,"integer optimal, tolerance",0.1880000000819564,4626.0,integer optimal solution,0.23400000017136335,4626.000000000001,integer optimal solution,3600.030856847763,490,5112.0,time limit exceeded,21.257383584976196,44,4626.000000000003,optimal solution,123.56428050994873,274,4646.000000000001,optimal solution
graph__10-1000-0.10-03_13,0.14000000013038516,4921.999999999999,"integer optimal, tolerance",0.26500000013038516,4905.999999999999,integer optimal solution,0.07800000021234155,4906.0,integer optimal solution,2.070910692214966,8,4921.999999999999,optimal solution,7.685348749160767,17,4906.000000000004,optimal solution,2.249401807785034,21,4905.999999999999,optimal solution
graph__10-1000-0.10-03_14,0.0940000000409782,4306.999999999999,integer optimal solution,0.10900000017136335,4307.0,integer optimal solution,0.0940000000409782,4306.999999999999,integer optimal solution,3.5237228870391846,50,4307.0,optimal solution,0.6294844150543213,1,4307.000000000003,optimal solution,0.8590033054351807,8,4307.0,optimal solution
graph__10-1000-0.10-03_15,0.39099999982863665,3282.0,integer optimal solution,0.3440000000409782,3282.0,integer optimal solution,0.32799999974668026,3282.0,integer optimal solution,3600.0671648979187,490,4088.0,time limit exceeded,137.15600872039795,238,3282.0000000000023,optimal solution,241.88569450378418,484,3282.0,optimal solution
graph__10-1000-0.10-03_16,0.23500000033527613,3434.0,integer optimal solution,0.17200000025331974,3434.0,integer optimal solution,0.11000000033527613,3434.0,integer optimal solution,2113.6496076583862,808,3433.999999999999,optimal solution,8.234310865402222,21,3434.0000000000023,optimal solution,75.06294536590576,233,3433.999999999999,optimal solution
graph__10-1000-0.10-03_17,0.29699999978765845,3040.000000000001,"integer optimal, tolerance",1.5320000001229346,3040.0,integer optimal solution,0.2809999999590218,3040.0,integer optimal solution,3600.0293974876404,585,3840.9999999999995,time limit exceeded,82.47321105003357,172,3040.0,optimal solution,2778.8904950618744,1242,3040.0000000000005,optimal solution
graph__10-1000-0.10-03_18,0.8280000002123415,4654.0,integer optimal solution,0.25,4654.0,integer optimal solution,0.2190000000409782,4654.0,"integer optimal, tolerance",0.37709712982177734,2,6301.0,aux sub problem optimal with unscaled infeasibilities,9.544558048248291,22,4654.000000000004,optimal solution,23.728490352630615,114,4654.0,optimal solution
graph__10-1000-0.10-03_19,3618.875,2966.999999999996,time limit exceeded,3601.9529999997467,2908.9999999999986,time limit exceeded,3600.063000000082,2908.9917347680807,time limit exceeded,3606.672689437866,33,4065.000160897593,time limit exceeded,280.0121958255768,638,2909.0,optimal solution,3600.035249233246,293,2908.9999999999995,time limit exceeded
graph__10-1000-0.10-03_2,0.4059999999590218,3869.0000000000095,integer optimal solution,0.8590000001713634,3869.0,integer optimal solution,0.32899999991059303,3868.999999999987,integer optimal solution,0.1452176570892334,1,5477.0,optimal solution,22.139075994491577,58,3869.000000000003,optimal solution,15.809961557388306,105,3883.0000000000005,optimal solution
graph__10-1000-0.10-03_3,1.0469999997876585,3076.000000000001,"integer optimal, tolerance",1.3590000001713634,3076.000000000002,integer optimal solution,0.5150000001303852,3075.9999999999973,"integer optimal, tolerance",3600.031040430069,351,3594.0,time limit exceeded,134.79561591148376,280,3076.000000000002,optimal solution,244.7484745979309,443,3076.0000000000005,optimal solution
graph__10-1000-0.10-03_4,0.5940000000409782,3211.9999999999973,"integer optimal, tolerance",1.375,3212.0,integer optimal solution,0.23399999970570207,3212.0000000000005,"integer optimal, tolerance",3600.0460002422333,318,3550.0000000000005,time limit exceeded,95.98991703987122,270,3212.0,optimal solution,153.3262209892273,369,3212.0,optimal solution
graph__10-1000-0.10-03_5,0.1559999999590218,5153.0,integer optimal solution,0.23399999970570207,5153.0,integer optimal solution,0.2190000000409782,5152.999999999999,integer optimal solution,5.658199787139893,55,5153.0,optimal solution,17.971026182174683,32,5153.000000000004,optimal solution,25.069734811782837,165,5169.999999999999,optimal solution
graph__10-1000-0.10-03_6,0.3119999999180436,3069.000000000001,integer optimal solution,1.6719999997876585,3069.0,integer optimal solution,0.3119999999180436,3069.0,integer optimal solution,3600.0261850357056,520,3553.0,time limit exceeded,105.73818469047546,243,3069.0000000000023,optimal solution,37.73093104362488,179,3069.0,optimal solution
graph__10-1000-0.10-03_7,0.20300000021234155,5892.999999999998,integer optimal solution,0.17100000008940697,5893.0,integer optimal solution,0.20299999974668026,5893.000000000001,integer optimal solution,3.7939541339874268,40,5893.000000000001,optimal solution,10.282694101333618,24,5893.000000000005,optimal solution,4.79623818397522,52,5893.000000000001,optimal solution
graph__10-1000-0.10-03_8,0.26599999982863665,4334.999999999999,integer optimal solution,0.4380000000819564,4335.0,integer optimal solution,0.17200000025331974,4339.999999999998,"integer optimal, tolerance",10.330222845077515,39,4340.0,optimal solution,77.75250601768494,148,4334.999999999997,optimal solution,32.83057522773743,105,4340.0,optimal solution
graph__10-1000-0.10-03_9,0.4690000000409782,3487.969667594983,integer optimal solution,0.45299999974668026,3488.0,integer optimal solution,0.2809999999590218,3487.9836060209377,"integer optimal, tolerance",516.1183602809906,544,3488.0000000000005,optimal solution,40.80119442939758,77,3488.0000000000023,optimal solution,92.69943308830261,269,3488.0000000000005,optimal solution
graph__10-1000-0.10-04_0,0.4059999999590218,5042.0,"integer optimal, tolerance",0.23399999970570207,5042.0,integer optimal solution,0.32800000021234155,5042.000000000001,integer optimal solution,1432.1788618564606,442,5042.000000000001,optimal solution,5.044691562652588,11,5042.000000000003,optimal solution,31.219346046447754,116,5042.000000000001,optimal solution
graph__10-1000-0.10-04_1,3602.842999999877,2346.992074543393,time limit exceeded,2.3280000002123415,2289.0,integer optimal solution,0.8590000001713634,2289.0,integer optimal solution,1.9026837348937988,7,5072.000000000001,aux sub problem optimal with unscaled infeasibilities,464.89706921577454,626,2289.0000000000005,optimal solution,3600.0013139247894,1283,2340.4999999999995,time limit exceeded
graph__10-1000-0.10-04_10,0.21799999987706542,4701.999999999999,integer optimal solution,0.23400000017136335,4702.0,integer optimal solution,0.1880000000819564,4702.0,integer optimal solution,15.617955207824707,97,4702.0,optimal solution,3.8868467807769775,6,4702.000000000004,optimal solution,1.3485803604125977,13,4701.999999999999,optimal solution
graph__10-1000-0.10-04_11,0.42199999978765845,2917.0,integer optimal solution,1.2820000001229346,2917.0,integer optimal solution,0.21799999987706542,2917.0,integer optimal solution,3601.603533267975,634,3011.0,time limit exceeded,31.90986394882202,52,2916.9999999999986,optimal solution,803.0901713371277,675,2917.0000000000005,optimal solution
graph__10-1000-0.10-04_12,0.3440000000409782,2857.0,integer optimal solution,0.5309999999590218,2857.0,integer optimal solution,0.14100000029429793,2857.0,integer optimal solution,3600.032544374466,722,2931.0000000000005,time limit exceeded,45.673481941223145,80,2857.0000000000023,optimal solution,43.741674184799194,201,2857.0,optimal solution
graph__10-1000-0.10-04_13,0.2190000000409782,3211.0000000000005,integer optimal solution,0.39100000029429793,3211.0,integer optimal solution,0.14099999982863665,3220.000000000008,"integer optimal, tolerance",0.3043036460876465,1,6206.000000000001,dual sub problem optimal with unscaled infeasibilities,12.101075172424316,24,3211.0000000000014,optimal solution,31.136155128479004,233,3211.0000000000005,optimal solution
graph__10-1000-0.10-04_14,0.4070000001229346,2753.0000000000005,integer optimal solution,0.45300000021234155,2753.0,integer optimal solution,0.25,2753.0,integer optimal solution,2401.403017759323,746,2753.0,optimal solution,41.150230169296265,78,2753.0000000000023,optimal solution,106.58373260498047,347,2753.0,optimal solution
graph__10-1000-0.10-04_15,0.11000000033527613,4420.000000000001,integer optimal solution,0.23400000017136335,4420.0,integer optimal solution,0.17200000025331974,4420.000000000001,integer optimal solution,0.28653669357299805,3,4420.0,optimal solution,3.2354283332824707,6,4420.000000000003,optimal solution,5.441776752471924,51,4420.0,optimal solution
graph__10-1000-0.10-04_16,0.14099999982863665,3686.0,integer optimal solution,0.23399999970570207,3686.0,integer optimal solution,0.17200000025331974,3686.0,integer optimal solution,13.307424068450928,106,3686.000000000001,optimal solution,8.552729606628418,13,3686.000000000002,optimal solution,4.410025119781494,39,3686.000000000001,optimal solution
graph__10-1000-0.10-04_17,0.17200000025331974,3880.0,integer optimal solution,0.3440000000409782,3880.0,integer optimal solution,0.1880000000819564,3879.9999999999973,integer optimal solution,14.479889154434204,56,3880.0,optimal solution,9.87463116645813,20,3880.0000000000023,optimal solution,1.3553378582000732,14,3880.0,optimal solution
graph__10-1000-0.10-04_18,1.016000000294298,2769.0,integer optimal solution,0.2809999999590218,2769.0,integer optimal solution,0.7029999997466803,2768.9999999999973,integer optimal solution,0.48114800453186035,4,6953.000273589288,aux sub problem optimal with unscaled infeasibilities,158.18504452705383,328,2769.000000000001,optimal solution,63.89367866516113,333,2769.0,optimal solution
graph__10-1000-0.10-04_19,0.7970000002533197,2576.9999999999995,"integer optimal, tolerance",0.7809999999590218,2577.0,integer optimal solution,0.5,2577.0,"integer optimal, tolerance",3600.034595966339,1026,2765.0,time limit exceeded,362.222060918808,482,2577.000000000002,optimal solution,214.2473602294922,488,2577.0,optimal solution
graph__10-1000-0.10-04_2,0.21799999987706542,2976.9999999999995,integer optimal solution,0.4059999999590218,2977.0,integer optimal solution,0.10900000017136335,2976.9999999999995,integer optimal solution,46.91463375091553,16,3898.0,aux sub problem optimal with unscaled infeasibilities,7.009260892868042,11,2977.0000000000023,optimal solution,6.200253009796143,48,2977.0,optimal solution
graph__10-1000-0.10-04_3,0.1869999999180436,5133.999999999999,integer optimal solution,0.2190000000409782,5134.0,integer optimal solution,0.26599999982863665,5141.9999999999945,"integer optimal, tolerance",4.490848779678345,36,5134.0,optimal solution,18.26804828643799,27,5134.000000000003,optimal solution,2.2305800914764404,16,5155.999999999999,optimal solution
graph__10-1000-0.10-04_4,0.21799999987706542,3303.0,integer optimal solution,0.2809999999590218,3303.0,integer optimal solution,0.17200000025331974,3302.9999999999995,integer optimal solution,1116.5983276367188,65,3303.0,optimal solution,14.881882667541504,25,3303.0000000000014,optimal solution,9.37838888168335,73,3303.0,optimal solution
graph__10-1000-0.10-04_5,0.5779999997466803,3650.0000000000005,integer optimal solution,1.266000000294298,3650.0,integer optimal solution,0.4690000000409782,3649.9999999999995,integer optimal solution,417.7006709575653,158,3650.0000000000005,optimal solution,25.06421160697937,42,3650.0000000000027,optimal solution,14.95270299911499,103,3650.0000000000005,optimal solution
graph__10-1000-0.10-04_6,0.23499999986961484,3909.0,integer optimal solution,0.29600000008940697,3909.0,integer optimal solution,0.10899999970570207,3909.0,integer optimal solution,452.03268003463745,444,3908.999999999999,optimal solution,7.367250680923462,15,3909.0000000000023,optimal solution,1.6310992240905762,15,3909.0000000000005,optimal solution
graph__10-1000-0.10-04_7,0.3429999998770654,4594.999999999999,integer optimal solution,0.26599999982863665,4595.0,integer optimal solution,0.1559999999590218,4594.999999999989,integer optimal solution,3.1933319568634033,10,5912.999999999998,dual sub problem optimal with unscaled infeasibilities,17.562973499298096,31,4595.000000000001,optimal solution,20.855862855911255,140,4595.000000000001,optimal solution
graph__10-1000-0.10-04_8,0.15700000012293458,5911.000000000001,integer optimal solution,0.1559999999590218,5911.0,integer optimal solution,0.015999999828636646,5911.000000000001,integer optimal solution,0.7749059200286865,8,5911.000000000001,optimal solution,6.867697238922119,14,5911.000000000003,optimal solution,4.145816326141357,40,5911.000000000001,optimal solution
graph__10-1000-0.10-04_9,0.20399999991059303,4951.0,integer optimal solution,0.25,4951.0,integer optimal solution,0.1880000000819564,4951.0,integer optimal solution,7.498721361160278,20,4951.0,optimal solution,18.96287965774536,28,4951.000000000004,optimal solution,6.356445789337158,47,4951.0,optimal solution
graph__15-1000-0.10-02_0,0.2190000000409782,8765.999999999998,integer optimal solution,0.375,8766.0,integer optimal solution,0.1869999999180436,8808.99999999999,"integer optimal, tolerance",228.73827600479126,123,8827.0,optimal solution,1.590090274810791,2,8766.0,optimal solution,1.6248602867126465,10,8814.0,optimal solution
graph__15-1000-0.10-02_1,1.9219999997876585,6851.984254171013,"integer optimal, tolerance",1.9690000000409782,6852.0,integer optimal solution,0.5159999998286366,6852.000000000001,"integer optimal, tolerance",3600.0604956150055,293,7361.000000000001,time limit exceeded,2385.188265323639,2130,6852.0,optimal solution,3600.195373773575,667,7478.000000000001,time limit exceeded
graph__15-1000-0.10-02_10,0.4380000000819564,9606.0,"integer optimal, tolerance",0.5469999997876585,9579.0,integer optimal solution,0.29699999978765845,9578.999999999996,integer optimal solution,66.95373964309692,255,9578.999999999998,optimal solution,98.31593465805054,157,9578.999999999998,optimal solution,32.67880845069885,130,9578.999999999998,optimal solution
graph__15-1000-0.10-02_11,2.7030000002123415,9667.0,"integer optimal, tolerance",0.875,9667.0,integer optimal solution,6.813000000081956,9669.999999999995,"integer optimal, tolerance",2361.2981123924255,545,9669.999999999998,optimal solution,573.3574135303497,788,9666.999999999998,optimal solution,638.8701224327087,469,9667.0,optimal solution
graph__15-1000-0.10-02_12,3609.6720000002533,6437.988604173952,time limit exceeded,3601.344000000041,5922.0,time limit exceeded,3604.5,5921.999999999988,time limit exceeded,0.24986672401428223,0,-0.0,dual sub problem optimal with unscaled infeasibilities,3600.1095640659332,4470,5922.0,time limit exceeded,3600.1177349090576,40,7101.999999999999,time limit exceeded
graph__15-1000-0.10-02_13,3602.2660000002943,6389.999999999999,time limit exceeded,40.125,6389.999999999999,integer optimal solution,5.967999999877065,6389.999999999922,"integer optimal, tolerance",0.7384471893310547,1,9266.000000000002,dual sub problem optimal with unscaled infeasibilities,3600.210350751877,3343,6389.999999999999,time limit exceeded,3600.0325565338135,152,7374.999999999998,time limit exceeded
graph__15-1000-0.10-02_14,12.734000000171363,9184.0,"integer optimal, tolerance",5.186999999918044,9183.999999999998,integer optimal solution,7.516000000294298,9184.0,"integer optimal, tolerance",3600.0969128608704,415,9376.0,time limit exceeded,2824.8420219421387,507,9183.999999999998,optimal solution,3600.0411171913147,972,9302.0,time limit exceeded
graph__15-1000-0.10-02_15,0.5619999999180436,9211.341935483875,"integer optimal, tolerance",0.7969999997876585,9208.0,integer optimal solution,0.4679999998770654,9281.0,"integer optimal, tolerance",262.5728590488434,165,9208.0,optimal solution,318.10964918136597,350,9208.0,optimal solution,1.3179192543029785,6,9281.000000000002,optimal solution
graph__15-1000-0.10-02_16,3609.436999999918,6201.669552669551,time limit exceeded,3600.530999999959,6205.0,time limit exceeded,3604.3279999997467,6200.000000000005,time limit exceeded,5.7680981159210205,29,9251.0,aux sub problem optimal with unscaled infeasibilities,3600.4415106773376,3826,6290.0,time limit exceeded,3602.8570618629456,12,8199.000000000015,time limit exceeded
graph__15-1000-0.10-02_17,1.3440000000409782,7535.999999999998,"integer optimal, tolerance",4.844000000040978,7536.0,integer optimal solution,1.8119999999180436,7536.000000000002,"integer optimal, tolerance",3602.121198415756,330,7968.999999999999,time limit exceeded,1610.261955022812,2142,7535.999999999998,optimal solution,1941.9431550502777,1783,7536.0,optimal solution
graph__15-1000-0.10-02_18,3603.469000000041,6203.972222222225,time limit exceeded,2090.9210000000894,6207.999999999976,"integer optimal, tolerance",858.8589999997057,6202.000000000007,"integer optimal, tolerance",3603.5419006347656,24,9383.000000000002,time limit exceeded,3600.465540409088,3360,6208.0,time limit exceeded,3600.0495884418488,360,7706.999999999999,time limit exceeded
graph__15-1000-0.10-02_19,3608.530999999959,6298.999999999996,time limit exceeded,3600.780999999959,6301.999999999998,time limit exceeded,3602.907000000123,6298.95775010906,time limit exceeded,3605.384851694107,28,8184.999999999998,time limit exceeded,3600.794368982315,2721,7471.0,time limit exceeded,3600.0421442985535,258,6301.999999999999,time limit exceeded
graph__15-1000-0.10-02_2,55.53099999995902,6813.0,"integer optimal, tolerance",64.625,6812.999999999998,"integer optimal, tolerance",13.157000000122935,6813.0,"integer optimal, tolerance",3602.3916380405426,101,7495.999999999999,time limit exceeded,3600.2325913906097,3649,6819.0,time limit exceeded,3600.052378177643,370,6871.000000000001,time limit exceeded
graph__15-1000-0.10-02_3,3600.030999999959,7961.0,time limit exceeded,3.2030000002123415,7961.0,integer optimal solution,11.264999999664724,7960.992484207119,"integer optimal, tolerance",0.6678669452667236,1,11083.0,dual sub problem optimal with unscaled infeasibilities,268.92378759384155,247,7961.0,optimal solution,3600.670642852783,311,7961.0,time limit exceeded
graph__15-1000-0.10-02_4,0.5940000000409782,6962.0,"integer optimal, tolerance",1.4529999997466803,6962.0,integer optimal solution,0.671000000089407,6962.000000000001,"integer optimal, tolerance",3600.037273645401,70,7528.0,time limit exceeded,433.8334677219391,446,6962.0,optimal solution,1837.5428953170776,611,6962.0,optimal solution
graph__15-1000-0.10-02_5,1.8440000000409782,7474.999999999998,"integer optimal, tolerance",5.092999999877065,7475.0,integer optimal solution,2.5469999997876585,7514.984546544767,"integer optimal, tolerance",18.56564497947693,79,8211.0,optimal solution,422.8092632293701,367,7474.999999999998,optimal solution,3600.041586637497,258,8385.0,time limit exceeded
graph__15-1000-0.10-02_6,1.75,8222.000000000002,"integer optimal, tolerance",2.984999999869615,8222.0,integer optimal solution,0.7339999997057021,8222.000000000002,"integer optimal, tolerance",3600.035495996475,174,8960.999999999998,time limit exceeded,703.5503098964691,604,8221.999999999998,optimal solution,1825.7342655658722,624,8222.0,optimal solution
graph__15-1000-0.10-02_7,5.859000000171363,7050.999999999998,integer optimal solution,0.9840000001713634,7051.0,integer optimal solution,11.359000000171363,7050.999999999995,integer optimal solution,5.677685499191284,28,8600.0,aux sub problem optimal with unscaled infeasibilities,1413.9856278896332,1341,7051.0,optimal solution,3600.0840270519257,201,7425.000000000002,time limit exceeded
graph__15-1000-0.10-02_8,81.98400000017136,7148.205211726372,"integer optimal, tolerance",160.71900000004098,7151.0,integer optimal solution,73.81199999991804,7150.971585360352,"integer optimal, tolerance",3600.0110507011414,10,10634.999999999998,time limit exceeded,3600.593698978424,3562,7150.999999999998,time limit exceeded,3600.0300376415253,244,8219.999999999998,time limit exceeded
graph__15-1000-0.10-02_9,14.266000000294298,5841.0,"integer optimal, tolerance",13.5,5841.0,"integer optimal, tolerance",6.405999999959022,5841.0,"integer optimal, tolerance",3601.965348958969,35,7369.0,time limit exceeded,3600.1145889759064,4215,5841.0,time limit exceeded,3600.0644500255585,524,6006.999999999999,time limit exceeded
graph__15-1000-0.10-03_0,0.8900000001303852,7002.000000000002,integer optimal solution,0.9369999999180436,7002.0,integer optimal solution,0.5940000000409782,7002.0,integer optimal solution,3601.912206888199,3,8435.0,time limit exceeded,492.16269516944885,290,7001.999999999998,optimal solution,3600.0596256256104,776,7369.0,time limit exceeded
graph__15-1000-0.10-03_1,0.4070000001229346,7629.0,"integer optimal, tolerance",0.6869999999180436,7615.0,integer optimal solution,0.5780000002123415,7629.000000000001,"integer optimal, tolerance",3600.0435910224915,40,8504.0,time limit exceeded,171.17975187301636,100,7614.999999999999,optimal solution,4.575912952423096,13,7664.999999999998,optimal solution
graph__15-1000-0.10-03_10,3600.0469999997877,4011.000000000003,time limit exceeded,8.140999999828637,3989.999999999998,integer optimal solution,1.2970000002533197,3989.999999999956,integer optimal solution,2.2476272583007812,4,7170.0,aux sub problem infeasible,925.2115981578827,480,3989.999999999998,optimal solution,3601.2531640529633,438,4950.0,time limit exceeded
graph__15-1000-0.10-03_11,1.2659999998286366,5523.000000000001,integer optimal solution,5.4219999997876585,5523.0,integer optimal solution,0.5940000000409782,5522.999999999999,integer optimal solution,3603.903399705887,50,7088.999999999999,time limit exceeded,2321.8195180892944,875,5522.999999999999,optimal solution,3600.0627343654633,790,6053.0,time limit exceeded
graph__15-1000-0.10-03_12,3600.030999999959,4412.0,time limit exceeded,13.686999999918044,4412.0,integer optimal solution,23.967999999877065,4412.000000000017,"integer optimal, tolerance",0.6715235710144043,1,9223.0,dual sub problem optimal with unscaled infeasibilities,2841.6052782535553,1232,4412.0,optimal solution,3600.0684802532196,725,4979.999999999999,time limit exceeded
graph__15-1000-0.10-03_13,0.8440000000409782,6396.0,integer optimal solution,0.7660000002942979,6396.0,integer optimal solution,0.39099999982863665,6396.0,integer optimal solution,3603.20859003067,1,9774.0,time limit exceeded,225.86293482780457,118,6395.999999999998,optimal solution,143.40183067321777,315,6432.0,optimal solution
graph__15-1000-0.10-03_14,13.641000000294298,6558.999999999998,"integer optimal, tolerance",1.4850000003352761,6559.0,integer optimal solution,8.453999999910593,6558.999999999996,"integer optimal, tolerance",3600.035183906555,705,6696.0,time limit exceeded,277.4243059158325,164,6558.999999999997,optimal solution,3600.0552175045013,589,6621.0,time limit exceeded
graph__15-1000-0.10-03_15,58.813000000081956,5041.999999999998,"integer optimal, tolerance",8.203000000212342,5042.0,integer optimal solution,16.04699999978766,5041.999999999998,"integer optimal, tolerance",3603.8549032211304,12,7554.999999999998,time limit exceeded,1342.697457075119,655,5041.999999999997,optimal solution,3600.061266899109,657,5538.000000000001,time limit exceeded
graph__15-1000-0.10-03_16,3.219000000040978,5836.999999999997,"integer optimal, tolerance",1.1570000001229346,5836.0,integer optimal solution,0.7809999999590218,5836.0000000000055,integer optimal solution,0.6033432483673096,3,8855.999999999998,optimal solution,476.590913772583,327,5835.999999999997,optimal solution,3220.1150419712067,877,5836.0,optimal solution
graph__15-1000-0.10-03_17,3600.0469999997877,4928.0,time limit exceeded,2.1409999998286366,4739.999999999997,integer optimal solution,12.969000000040978,4740.000000000026,integer optimal solution,2.4353909492492676,6,11098.001417299214,dual sub problem optimal with unscaled infeasibilities,3600.2273313999176,1438,5435.5,time limit exceeded,3602.1147298812866,102,5386.999999999999,time limit exceeded
graph__15-1000-0.10-03_18,93.1410000002943,4346.999999999996,"integer optimal, tolerance",10.015999999828637,4347.0,integer optimal solution,31.969000000040978,4347.0,"integer optimal, tolerance",3603.822182416916,104,6805.0,time limit exceeded,3600.4668605327606,1894,4456.999999999998,time limit exceeded,3600.057870388031,804,5224.999999999999,time limit exceeded
graph__15-1000-0.10-03_19,1.9529999997466803,5511.0,integer optimal solution,3.25,5511.0,integer optimal solution,0.6570000001229346,5511.0,integer optimal solution,0.8475179672241211,2,7419.999999999999,aux sub problem optimal with unscaled infeasibilities,371.6964011192322,308,5510.999999999997,optimal solution,3600.0484340190887,429,5792.999999999999,time limit exceeded
graph__15-1000-0.10-03_2,20.42200000025332,4684.999999999999,"integer optimal, tolerance",13.171000000089407,4685.0,integer optimal solution,4.717999999877065,4684.999999999999,"integer optimal, tolerance",3603.1340634822845,82,7313.000000000003,time limit exceeded,3600.4376525878906,816,4684.999999999998,time limit exceeded,3600.076719522476,957,5244.0,time limit exceeded
graph__15-1000-0.10-03_3,3605.188000000082,4043.000000000878,time limit exceeded,3601.594000000041,3875.9999999999995,time limit exceeded,3605.9530000002123,3863.9999999999754,time limit exceeded,0.3235607147216797,1,10717.0007510691,optimal solution,3600.0157101154327,2259,4912.999999999999,time limit exceeded,3602.3901455402374,54,6499.0,time limit exceeded
graph__15-1000-0.10-03_4,1.9840000001713634,6691.000000000002,integer optimal solution,1.2350000003352761,6691.0,integer optimal solution,0.7190000000409782,6690.999999999999,integer optimal solution,5.510881423950195,6,8858.0,aux sub problem optimal with unscaled infeasibilities,229.62149620056152,142,6691.000000000003,optimal solution,3600.074637413025,870,6953.0,time limit exceeded
graph__15-1000-0.10-03_5,1.625,7363.999999999999,integer optimal solution,1.7190000000409782,7364.0,integer optimal solution,0.7970000002533197,7363.999999999999,integer optimal solution,3.960179090499878,5,7996.000059574843,aux sub problem optimal with unscaled infeasibilities,84.62459325790405,56,7363.999999999996,optimal solution,84.07624769210815,197,7363.999999999999,optimal solution
graph__15-1000-0.10-03_6,11.5,4347.000000000001,integer optimal solution,1.4369999999180436,4347.0,integer optimal solution,1.016000000294298,4346.999999999993,integer optimal solution,4.268829584121704,22,6433.000000000001,dual sub problem optimal with unscaled infeasibilities,427.9622745513916,394,4346.999999999997,optimal solution,3600.04439163208,734,4800.999999999997,time limit exceeded
graph__15-1000-0.10-03_7,3601.875,5575.996700016793,time limit exceeded,32.53099999995902,5576.0,integer optimal solution,3600.0460000000894,5576.000000000002,time limit exceeded,1.1366488933563232,6,7867.000000000247,aux sub problem optimal with unscaled infeasibilities,171.16374325752258,160,5576.000000000001,optimal solution,3607.666177749634,263,5936.999999999999,time limit exceeded
graph__15-1000-0.10-03_8,3606.907000000123,3843.9999999999995,time limit exceeded,3600.938000000082,3602.0,time limit exceeded,3602.9850000003353,3638.0,time limit exceeded,3.156308889389038,4,6197.000100999607,aux sub problem optimal with unscaled infeasibilities,3601.122657060623,2464,4085.0,time limit exceeded,3600.022120952606,764,4292.000000000008,time limit exceeded
graph__15-1000-0.10-03_9,3.5,5192.999999999999,"integer optimal, tolerance",3.3119999999180436,5193.0,integer optimal solution,1.3599999998696148,5193.0,"integer optimal, tolerance",3612.8630890846252,7,8686.999999999998,time limit exceeded,649.8484869003296,483,5192.999999999999,optimal solution,3563.462635278702,1398,5193.0,optimal solution
graph__15-1000-0.10-04_0,1.1720000002533197,6240.000000000001,integer optimal solution,0.8440000000409782,6240.0,integer optimal solution,0.6410000002942979,6240.000000000001,integer optimal solution,3602.980110645294,5,8427.000000000002,time limit exceeded,38.64393353462219,20,6240.000000000007,optimal solution,710.9453315734863,1550,6264.000000000001,optimal solution
graph__15-1000-0.10-04_1,1.375,4486.0,integer optimal solution,2.2969999997876585,4486.0,integer optimal solution,1.125,4485.999999999979,integer optimal solution,3604.6849393844604,8,7003.000000000002,time limit exceeded,331.67713022232056,150,4485.999999999995,optimal solution,3600.096480846405,2672,4568.999999999999,time limit exceeded
graph__15-1000-0.10-04_10,7.969000000040978,3518.49999999999,"integer optimal, tolerance",12.140000000130385,3512.999999999999,integer optimal solution,2.9369999999180436,3513.0000000000005,integer optimal solution,0.7337138652801514,1,7823.999999999999,dual sub problem optimal with unscaled infeasibilities,3600.2508692741394,1973,3709.0000000000036,time limit exceeded,372.9658489227295,384,4354.0,aux sub problem optimal with unscaled infeasibilities
graph__15-1000-0.10-04_11,0.6089999997057021,5983.000000000001,integer optimal solution,0.9529999997466803,5983.0,integer optimal solution,0.5780000002123415,5983.0,integer optimal solution,3600.008144378662,76,6533.0,time limit exceeded,29.13297939300537,25,5982.999999999998,optimal solution,76.33932852745056,188,5983.000000000001,optimal solution
graph__15-1000-0.10-04_12,0.7030000002123415,6240.000000000003,integer optimal solution,0.7820000001229346,6240.0,integer optimal solution,0.7349999998696148,6246.000000000002,"integer optimal, tolerance",3603.811194419861,19,7445.000000000003,time limit exceeded,142.86134481430054,83,6239.999999999994,optimal solution,28.242366075515747,144,6240.0,optimal solution
graph__15-1000-0.10-04_13,1.0320000001229346,4889.999999999999,integer optimal solution,1.1880000000819564,4890.0,integer optimal solution,0.703999999910593,4889.999999999995,integer optimal solution,3605.9600377082825,4,7474.000000000002,time limit exceeded,165.30962324142456,87,4889.999999999998,optimal solution,325.8226149082184,1107,5034.999999999999,aux sub problem optimal with unscaled infeasibilities
graph__15-1000-0.10-04_14,0.5779999997466803,5998.0,integer optimal solution,1.875,5998.0,integer optimal solution,0.6410000002942979,5997.999999999998,integer optimal solution,4.031730890274048,6,7969.999703094377,aux sub problem optimal with unscaled infeasibilities,58.13224267959595,37,5998.000000000006,optimal solution,959.2059478759766,1673,5998.0,optimal solution
graph__15-1000-0.10-04_15,3600.032000000123,2999.0,time limit exceeded,458.6410000002943,2999.0,integer optimal solution,3600.0470000002533,2998.9999999999973,time limit exceeded,8.35226035118103,9,8775.0,aux sub problem optimal with unscaled infeasibilities,3601.427710533142,2111,3534.0000000000036,time limit exceeded,3600.083817243576,1845,3434.9999999999995,time limit exceeded
graph__15-1000-0.10-04_16,2.891000000294298,4832.000000000001,integer optimal solution,1.75,4832.0,integer optimal solution,1.4529999997466803,4831.999999999993,integer optimal solution,1.230478048324585,2,7392.00044059756,aux sub problem infeasible,943.4961068630219,446,4832.0000000000055,optimal solution,2728.458585500717,1754,4831.999999999999,optimal solution
graph__15-1000-0.10-04_17,0.6409999998286366,6303.000000000001,integer optimal solution,0.7339999997057021,6303.0,integer optimal solution,0.7809999999590218,6335.999999999998,"integer optimal, tolerance",1977.2405667304993,1202,6314.000000000001,optimal solution,149.85593795776367,95,6302.999999999993,optimal solution,44.80787134170532,201,6335.999999999999,optimal solution
graph__15-1000-0.10-04_18,11.844000000040978,3532.9999999999995,integer optimal solution,2.594000000040978,3533.0,integer optimal solution,2.405999999959022,3533.0000000000005,integer optimal solution,3605.531524181366,63,6134.0,time limit exceeded,3600.25230717659,1887,3655.999999999998,time limit exceeded,3600.080989599228,1939,3790.9999999999995,time limit exceeded
graph__15-1000-0.10-04_19,1.7809999999590218,3967.999999999997,integer optimal solution,1.3130000000819564,3968.0,integer optimal solution,2.844000000040978,3968.0,integer optimal solution,1.8777227401733398,4,7678.998086046556,optimal solution,1249.6722738742828,755,3967.9999999999977,optimal solution,3600.043171644211,1006,4057.9999999999995,time limit exceeded
graph__15-1000-0.10-04_2,1.1869999999180436,4276.999999999998,integer optimal solution,9.734000000171363,4277.0,integer optimal solution,5.45299999974668,4277.000000000001,integer optimal solution,3610.162529230118,59,5756.0,time limit exceeded,546.5891757011414,240,4277.000000000005,optimal solution,3600.080607652664,1558,4632.0,time limit exceeded
graph__15-1000-0.10-04_3,2.8909999998286366,4658.0,integer optimal solution,2.7659999998286366,4658.0,integer optimal solution,0.8599999998696148,4657.999999999999,integer optimal solution,0.7706568241119385,2,7685.999999999998,aux sub problem optimal with unscaled infeasibilities,207.0083258152008,105,4657.999999999997,optimal solution,1213.9016752243042,942,4658.0,optimal solution
graph__15-1000-0.10-04_4,3608.186999999918,3353.0,time limit exceeded,139.95300000021234,3219.0,integer optimal solution,3600.0470000002533,3236.5000000000014,time limit exceeded,0.38977622985839844,1,11007.000000000002,aux sub problem infeasible,3600.2358436584473,1996,3522.999999999999,time limit exceeded,3600.0649333000183,1587,4157.0,time limit exceeded
graph__15-1000-0.10-04_5,3602.280999999959,3433.0000000000005,time limit exceeded,217.98400000017136,3433.0,integer optimal solution,1914.3589999997057,3433.0000000000005,"integer optimal, tolerance",3602.6866965293884,9,6641.0,time limit exceeded,3601.3418278694153,1782,3721.0,time limit exceeded,3600.068255186081,2753,3921.9999999999995,time limit exceeded
graph__15-1000-0.10-04_6,249.13999999966472,6240.999999999999,"integer optimal, tolerance",1.0630000000819564,6241.0,integer optimal solution,2.3280000002123415,6241.000000000001,integer optimal solution,3600.24533700943,32,7411.999999999998,time limit exceeded,42.751956939697266,32,6241.000000000006,optimal solution,356.94289350509644,302,6240.999999999999,optimal solution
graph__15-1000-0.10-04_7,1.1409999998286366,5298.0,integer optimal solution,1.4220000002533197,5298.0,integer optimal solution,0.8600000003352761,5298.0,integer optimal solution,3602.9703176021576,29,7806.0,time limit exceeded,246.31860041618347,150,5297.9999999999945,optimal solution,29.209469318389893,138,5322.0,optimal solution
graph__15-1000-0.10-04_8,16.311999999918044,3387.0,integer optimal solution,10.0,3387.0,integer optimal solution,0.5149999996647239,3387.0000000000005,integer optimal solution,1.4605507850646973,2,9094.000722020457,dual sub problem optimal with unscaled infeasibilities,3600.257752418518,1754,3506.999999999998,time limit exceeded,3600.0330278873444,1813,3675.0,time limit exceeded
graph__15-1000-0.10-04_9,1.0,5571.000000000001,integer optimal solution,3.155999999959022,5570.999999999997,integer optimal solution,0.375,5571.000000000001,integer optimal solution,3600.0082042217255,11,7268.0,time limit exceeded,595.0682418346405,330,5570.9999999999945,optimal solution,3600.048463821411,1156,5625.999999999999,time limit exceeded
